Series Name,"Series Code","Country Name","Country Code","1960 [YR1960]","1970 [YR1970]","1980 [YR1980]","1990 [YR1990]","2000 [YR2000]"
"Population, total","SP.POP.TOTL","Afghanistan","AFG","8996351","11126123","13248370","12249114","20093756"
"Population, total","SP.POP.TOTL","Albania","ALB","1608800","2135479","2671997","3286542","3089027"
"Population, total","SP.POP.TOTL","Algeria","DZA","11124888","14550034","19337715","25912367","31183660"
"Population, total","SP.POP.TOTL","American Samoa","ASM","20013","27292","32457","47038","57521"
"Population, total","SP.POP.TOTL","Andorra","AND","13411","24276","36067","54509","65390"
"Population, total","SP.POP.TOTL","Angola","AGO","5643182","6776381","8929900","12171441","16440924"
"Population, total","SP.POP.TOTL","Antigua and Barbuda","ATG","55339","67098","73442","66696","83584"
"Population, total","SP.POP.TOTL","Argentina","ARG","20619075","23973058","28105888","32729739","37057452"
"Population, total","SP.POP.TOTL","Armenia","ARM","1874120","2525065","3099751","3538165","3069588"
"Population, total","SP.POP.TOTL","Aruba","ABW","54211","59063","60096","62149","90853"
"Population, total","SP.POP.TOTL","Australia","AUS","10276477","12507000","14692000","17065100","19153000"
"Population, total","SP.POP.TOTL","Austria","AUT","7047539","7467086","7549433","7677850","8011566"
"Population, total","SP.POP.TOTL","Azerbaijan","AZE","3895396","5180025","6150738","7159000","8048600"
"Population, total","SP.POP.TOTL","Bahamas, The","BHS","109528","169354","210661","256336","297890"
"Population, total","SP.POP.TOTL","Bahrain","BHR","162427","212605","359888","495931","664614"
"Population, total","SP.POP.TOTL","Bangladesh","BGD","48199747","65047770","81470860","106188642","131581243"
"Population, total","SP.POP.TOTL","Barbados","BRB","230939","238848","252194","260374","269847"
"Population, total","SP.POP.TOTL","Belarus","BLR","8198000","9040000","9643000","10189000","9979610"
"Population, total","SP.POP.TOTL","Belgium","BEL","9153489","9655549","9859242","9967379","10251250"
"Population, total","SP.POP.TOTL","Belize","BLZ","92064","122182","144155","187552","247315"
"Population, total","SP.POP.TOTL","Benin","BEN","2431622","2912340","3717165","4978496","6865951"
"Population, total","SP.POP.TOTL","Bermuda","BMU","44400","55000","54670","59326","61833"
"Population, total","SP.POP.TOTL","Bhutan","BTN","223288","298301","409172","537280","573416"
"Population, total","SP.POP.TOTL","Bolivia","BOL","3693449","4505778","5589575","6856244","8339512"
"Population, total","SP.POP.TOTL","Bosnia and Herzegovina","BIH","3225668","3760527","4179855","4463422","3766706"
"Population, total","SP.POP.TOTL","Botswana","BWA","524552","695597","1001158","1377912","1728340"
"Population, total","SP.POP.TOTL","Brazil","BRA","72207554","95326793","121159761","149352145","175287587"
"Population, total","SP.POP.TOTL","British Virgin Islands","VGB","8033","9803","11002","16461","20645"
"Population, total","SP.POP.TOTL","Brunei Darussalam","BRN","81745","129583","193949","258785","333241"
"Population, total","SP.POP.TOTL","Bulgaria","BGR","7867374","8489574","8861535","8718289","8170172"
"Population, total","SP.POP.TOTL","Burkina Faso","BFA","4829288","5624600","6822843","8811034","11607942"
"Population, total","SP.POP.TOTL","Burundi","BDI","2786106","3455606","4116817","5415415","6400706"
"Population, total","SP.POP.TOTL","Cabo Verde","CPV","202310","270198","286657","341883","435079"
"Population, total","SP.POP.TOTL","Cambodia","KHM","5722370","6994848","6692107","8973342","12152354"
"Population, total","SP.POP.TOTL","Cameroon","CMR","5176268","6527635","8618354","11715218","15274234"
"Population, total","SP.POP.TOTL","Canada","CAN","17909009","21324000","24593000","27791000","30769700"
"Population, total","SP.POP.TOTL","Cayman Islands","CYM","7865","9144","16162","25010","41687"
"Population, total","SP.POP.TOTL","Central African Republic","CAF","1503508","1828709","2279821","2939780","3754986"
"Population, total","SP.POP.TOTL","Chad","TCD","3001593","3643549","4512042","5956859","8342559"
"Population, total","SP.POP.TOTL","Channel Islands","CHI","109420","121197","128212","140671","148725"
"Population, total","SP.POP.TOTL","Chile","CHL","7716625","9563865","11266226","13242132","15262754"
"Population, total","SP.POP.TOTL","China","CHN","667070000","818315000","981235000","1135185000","1262645000"
"Population, total","SP.POP.TOTL","Colombia","COL","16480383","22061215","27737900","34271565","40403958"
"Population, total","SP.POP.TOTL","Comoros","COM","191121","230054","307829","411594","542357"
"Population, total","SP.POP.TOTL","Congo, Dem. Rep.","COD","15248251","20009935","26357462","34614581","47076387"
"Population, total","SP.POP.TOTL","Congo, Rep.","COG","1037220","1364812","1839935","2440457","3225727"
"Population, total","SP.POP.TOTL","Costa Rica","CRI","1333040","1848866","2389310","3095995","3925443"
"Population, total","SP.POP.TOTL","Cote d'Ivoire","CIV","3558988","5242395","8293675","12267754","16686561"
"Population, total","SP.POP.TOTL","Croatia","HRV","4140000","4411000","4588000","4780000","4426000"
"Population, total","SP.POP.TOTL","Cuba","CUB","7141135","8715123","9835177","10582081","11150736"
"Population, total","SP.POP.TOTL","Curacao","CUW","124826","144739","148041","145400","133860"
"Population, total","SP.POP.TOTL","Cyprus","CYP","572930","613621","685406","766614","943286"
"Population, total","SP.POP.TOTL","Czech Republic","CZE","9602006","9858071","10304193","10333355","10255063"
"Population, total","SP.POP.TOTL","Denmark","DNK","4579603","4928757","5123027","5140939","5339616"
"Population, total","SP.POP.TOTL","Djibouti","DJI","83636","159659","358960","590398","717584"
"Population, total","SP.POP.TOTL","Dominica","DMA","60011","71073","75314","70926","69676"
"Population, total","SP.POP.TOTL","Dominican Republic","DOM","3294042","4503114","5809269","7183647","8562622"
"Population, total","SP.POP.TOTL","Ecuador","ECU","4545550","6072527","7976445","10218091","12628596"
"Population, total","SP.POP.TOTL","Egypt, Arab Rep.","EGY","26996533","35046273","44099142","57412215","69905988"
"Population, total","SP.POP.TOTL","El Salvador","SLV","2762899","3668595","4580704","5254984","5867626"
"Population, total","SP.POP.TOTL","Equatorial Guinea","GNQ","255323","306515","255325","426846","614323"
"Population, total","SP.POP.TOTL","Eritrea","ERI","1397491","1811878","2385540","3113311","3392801"
"Population, total","SP.POP.TOTL","Estonia","EST","1211537","1360076","1477219","1569174","1396985"
"Population, total","SP.POP.TOTL","Eswatini","SWZ","349174","445729","603372","861373","1061468"
"Population, total","SP.POP.TOTL","Ethiopia","ETH","22151278","28415077","35264898","48086516","66537331"
"Population, total","SP.POP.TOTL","Faroe Islands","FRO","34661","39083","43514","47594","47258"
"Population, total","SP.POP.TOTL","Fiji","FJI","393386","520529","635255","728628","811223"
"Population, total","SP.POP.TOTL","Finland","FIN","4429634","4606307","4779535","4986431","5176209"
"Population, total","SP.POP.TOTL","France","FRA","46814237","52035095","55340782","58512808","60912500"
"Population, total","SP.POP.TOTL","French Polynesia","PYF","78076","110495","151708","198375","237258"
"Population, total","SP.POP.TOTL","Gabon","GAB","499184","590118","729159","952212","1231122"
"Population, total","SP.POP.TOTL","Gambia, The","GMB","367928","447285","604369","916808","1231844"
"Population, total","SP.POP.TOTL","Georgia","GEO","3645600","4119900","4467700","4802000","4418300"
"Population, total","SP.POP.TOTL","Germany","DEU","72814900","78169289","78288576","79433029","82211508"
"Population, total","SP.POP.TOTL","Ghana","GHA","6652287","8596983","10802028","14628260","18938762"
"Population, total","SP.POP.TOTL","Gibraltar","GIB","23394","28560","30272","29164","31180"
"Population, total","SP.POP.TOTL","Greece","GRC","8331725","8792806","9642505","10196792","10805808"
"Population, total","SP.POP.TOTL","Greenland","GRL","32500","46400","50200","55600","56200"
"Population, total","SP.POP.TOTL","Grenada","GRD","89869","94426","89005","96283","101619"
"Population, total","SP.POP.TOTL","Guam","GUM","66742","83877","104133","130482","155329"
"Population, total","SP.POP.TOTL","Guatemala","GTM","4210747","5621792","7283459","9263813","11650743"
"Population, total","SP.POP.TOTL","Guinea","GIN","3577409","4219770","4511902","6041094","8808546"
"Population, total","SP.POP.TOTL","Guinea-Bissau","GNB","616409","711827","800854","1012280","1243229"
"Population, total","SP.POP.TOTL","Guyana","GUY","571819","704934","780153","743309","753301"
"Population, total","SP.POP.TOTL","Haiti","HTI","3866159","4708642","5688836","7099732","8549200"
"Population, total","SP.POP.TOTL","Honduras","HND","2038637","2716659","3678286","4955328","6524283"
"Population, total","SP.POP.TOTL","Hong Kong SAR, China","HKG","3075605","3959000","5063100","5704500","6665000"
"Population, total","SP.POP.TOTL","Hungary","HUN","9983967","10337910","10711122","10373988","10210971"
"Population, total","SP.POP.TOTL","Iceland","ISL","175574","204438","228138","254826","281205"
"Population, total","SP.POP.TOTL","India","IND","449480608","553578513","696783517","870133480","1053050912"
"Population, total","SP.POP.TOTL","Indonesia","IDN","87792515","114834780","147490365","181436821","211540429"
"Population, total","SP.POP.TOTL","Iran, Islamic Rep.","IRN","21906903","28514010","38668220","56226185","66131854"
"Population, total","SP.POP.TOTL","Iraq","IRQ","7289761","9917983","13653356","17469005","23565413"
"Population, total","SP.POP.TOTL","Ireland","IRL","2828600","2957250","3412800","3513974","3805174"
"Population, total","SP.POP.TOTL","Isle of Man","IMN","48442","55425","63551","68429","72554"
"Population, total","SP.POP.TOTL","Israel","ISR","2114020","2974000","3878000","4660000","6289000"
"Population, total","SP.POP.TOTL","Italy","ITA","50199700","53821850","56433883","56719240","56942108"
"Population, total","SP.POP.TOTL","Jamaica","JAM","1628252","1875381","2163045","2424242","2656864"
"Population, total","SP.POP.TOTL","Japan","JPN","92500572","104345000","116782000","123537000","126843000"
"Population, total","SP.POP.TOTL","Jordan","JOR","932257","1718913","2374422","3560582","5103130"
"Population, total","SP.POP.TOTL","Kazakhstan","KAZ","9714260","12757245","14518924","16348000","14883626"
"Population, total","SP.POP.TOTL","Kenya","KEN","8105440","11252492","16268990","23402507","31450483"
"Population, total","SP.POP.TOTL","Kiribati","KIR","41233","51178","59339","72412","84406"
"Population, total","SP.POP.TOTL","Korea, Dem. People’s Rep.","PRK","11424176","14410400","17472140","20293054","22929075"
"Population, total","SP.POP.TOTL","Korea, Rep.","KOR","25012374","32240827","38123775","42869283","47008111"
"Population, total","SP.POP.TOTL","Kosovo","XKX","947000","1219000","1521000","1862000","1700000"
"Population, total","SP.POP.TOTL","Kuwait","KWT","269618","746767","1372318","2099615","2050741"
"Population, total","SP.POP.TOTL","Kyrgyz Republic","KGZ","2172300","2959900","3617400","4391200","4898400"
"Population, total","SP.POP.TOTL","Lao PDR","LAO","2120896","2688428","3258144","4258472","5329304"
"Population, total","SP.POP.TOTL","Latvia","LVA","2120979","2359164","2511701","2663151","2367550"
"Population, total","SP.POP.TOTL","Lebanon","LBN","1804926","2297389","2605293","2703016","3235366"
"Population, total","SP.POP.TOTL","Lesotho","LSO","851591","1033050","1310118","1603938","1868699"
"Population, total","SP.POP.TOTL","Liberia","LBR","1120313","1416529","1888314","2097232","2884522"
"Population, total","SP.POP.TOTL","Libya","LBY","1448417","2133526","3219466","4436661","5355751"
"Population, total","SP.POP.TOTL","Liechtenstein","LIE","16495","21265","25866","28747","33286"
"Population, total","SP.POP.TOTL","Lithuania","LTU","2778550","3139689","3413202","3697838","3499536"
"Population, total","SP.POP.TOTL","Luxembourg","LUX","313970","339171","364150","381850","436300"
"Population, total","SP.POP.TOTL","Macao SAR, China","MAC","167796","246195","238118","343935","427979"
"Population, total","SP.POP.TOTL","Macedonia, FYR","MKD","1488667","1720800","1924197","1996228","2034819"
"Population, total","SP.POP.TOTL","Madagascar","MDG","5099373","6576305","8716553","11598633","15766806"
"Population, total","SP.POP.TOTL","Malawi","MWI","3618595","4603723","6163080","9437553","11376172"
"Population, total","SP.POP.TOTL","Malaysia","MYS","8157106","10803978","13798125","18038321","23185608"
"Population, total","SP.POP.TOTL","Maldives","MDV","89887","115768","158385","223215","280384"
"Population, total","SP.POP.TOTL","Mali","MLI","5263733","5949045","7090126","8465188","10967690"
"Population, total","SP.POP.TOTL","Malta","MLT","326550","302650","316645","354170","390087"
"Population, total","SP.POP.TOTL","Marshall Islands","MHL","14662","20395","30576","47298","52159"
"Population, total","SP.POP.TOTL","Mauritania","MRT","858168","1148908","1534085","2030140","2709359"
"Population, total","SP.POP.TOTL","Mauritius","MUS","659351","826000","966039","1058775","1186873"
"Population, total","SP.POP.TOTL","Mexico","MEX","38174112","52029861","69360871","85357874","101719673"
"Population, total","SP.POP.TOTL","Micronesia, Fed. Sts.","FSM","44537","61431","72964","96331","107432"
"Population, total","SP.POP.TOTL","Moldova","MDA","2544000","3044000","3396000","3696000","3639592"
"Population, total","SP.POP.TOTL","Monaco","MCO","22452","23484","26745","29439","32082"
"Population, total","SP.POP.TOTL","Mongolia","MNG","955505","1278825","1689622","2184145","2397436"
"Population, total","SP.POP.TOTL","Montenegro","MNE","480579","512407","572608","606372","604950"
"Population, total","SP.POP.TOTL","Morocco","MAR","12328532","16000008","20019847","24879136","28849621"
"Population, total","SP.POP.TOTL","Mozambique","MOZ","7388695","9161534","11848331","13247649","18067687"
"Population, total","SP.POP.TOTL","Myanmar","MMR","20986123","26381431","33369712","40626250","46095462"
"Population, total","SP.POP.TOTL","Namibia","NAM","602544","780384","1012672","1414692","1899257"
"Population, total","SP.POP.TOTL","Nauru","NRU","4433","6496","7488","9155","10037"
"Population, total","SP.POP.TOTL","Nepal","NPL","10063011","11997929","14902163","18749406","23740911"
"Population, total","SP.POP.TOTL","Netherlands","NLD","11486631","13038526","14149800","14951510","15925513"
"Population, total","SP.POP.TOTL","New Caledonia","NCL","79000","112000","140050","170899","213230"
"Population, total","SP.POP.TOTL","New Zealand","NZL","2371800","2810700","3112900","3329800","3857700"
"Population, total","SP.POP.TOTL","Nicaragua","NIC","1774699","2398096","3249910","4144565","5026796"
"Population, total","SP.POP.TOTL","Niger","NER","3388764","4510479","5988904","8012861","11352973"
"Population, total","SP.POP.TOTL","Nigeria","NGA","45137812","55981400","73460724","95269988","122352009"
"Population, total","SP.POP.TOTL","Northern Mariana Islands","MNP","10035","13127","16920","42538","69094"
"Population, total","SP.POP.TOTL","Norway","NOR","3581239","3875763","4085620","4241473","4490967"
"Population, total","SP.POP.TOTL","Oman","OMN","551740","723852","1154379","1812160","2267991"
"Population, total","SP.POP.TOTL","Pakistan","PAK","44908293","58090759","78068144","107678614","138523285"
"Population, total","SP.POP.TOTL","Palau","PLW","9642","11480","12194","15088","19175"
"Population, total","SP.POP.TOTL","Panama","PAN","1132921","1519299","1978578","2471009","3030347"
"Population, total","SP.POP.TOTL","Papua New Guinea","PNG","2010677","2527586","3304473","4313059","5572222"
"Population, total","SP.POP.TOTL","Paraguay","PRY","1902875","2474106","3180630","4213742","5302700"
"Population, total","SP.POP.TOTL","Peru","PER","10061515","13341069","17359120","21826658","25914879"
"Population, total","SP.POP.TOTL","Philippines","PHL","26273025","35804729","47396968","61947348","77991569"
"Population, total","SP.POP.TOTL","Poland","POL","29637450","32664300","35574150","38110782","38258629"
"Population, total","SP.POP.TOTL","Portugal","PRT","8857716","8680431","9766312","9983218","10289898"
"Population, total","SP.POP.TOTL","Puerto Rico","PRI","2358000","2718000","3206000","3537000","3810605"
"Population, total","SP.POP.TOTL","Qatar","QAT","47384","109514","223775","476445","592267"
"Population, total","SP.POP.TOTL","Romania","ROU","18406905","20250398","22242653","23201835","22442971"
"Population, total","SP.POP.TOTL","Russian Federation","RUS","119897000","130404000","139010000","148292000","146596557"
"Population, total","SP.POP.TOTL","Rwanda","RWA","2933428","3754541","5140716","7235798","8025703"
"Population, total","SP.POP.TOTL","Samoa","WSM","108646","143176","155557","162866","174610"
"Population, total","SP.POP.TOTL","San Marino","SMR","15397","19138","21361","24043","27418"
"Population, total","SP.POP.TOTL","Sao Tome and Principe","STP","64253","74253","94949","113893","138606"
"Population, total","SP.POP.TOTL","Saudi Arabia","SAU","4086539","5836389","9740599","16326815","20764312"
"Population, total","SP.POP.TOTL","Senegal","SEN","3206749","4257505","5592646","7555617","9884052"
"Population, total","SP.POP.TOTL","Serbia","SRB","NA","NA","NA","7586000","7516346"
"Population, total","SP.POP.TOTL","Seychelles","SYC","41700","53600","63261","69507","81131"
"Population, total","SP.POP.TOTL","Sierra Leone","SLE","2297110","2692259","3365441","4312246","4564297"
"Population, total","SP.POP.TOTL","Singapore","SGP","1646400","2074500","2413945","3047132","4027887"
"Population, total","SP.POP.TOTL","Sint Maarten (Dutch part)","SXM","NA","NA","NA","NA","30519"
"Population, total","SP.POP.TOTL","Slovak Republic","SVK","4068095","4538223","4979815","5299187","5388720"
"Population, total","SP.POP.TOTL","Slovenia","SVN","1584720","1724891","1901315","1998161","1988925"
"Population, total","SP.POP.TOTL","Solomon Islands","SLB","117866","160290","230607","311840","412609"
"Population, total","SP.POP.TOTL","Somalia","SOM","2755947","3444553","6359126","7397347","9011479"
"Population, total","SP.POP.TOTL","South Africa","ZAF","17456855","22839451","29760471","37560525","45728315"
"Population, total","SP.POP.TOTL","South Sudan","SSD","2955152","3647709","4705224","5768481","6700656"
"Population, total","SP.POP.TOTL","Spain","ESP","30455000","33814531","37491165","38867322","40567864"
"Population, total","SP.POP.TOTL","Sri Lanka","LKA","9874481","12485756","15035856","17329713","18781938"
"Population, total","SP.POP.TOTL","St. Kitts and Nevis","KNA","51195","44885","43210","40834","45374"
"Population, total","SP.POP.TOTL","St. Lucia","LCA","89897","104160","117987","138185","156949"
"Population, total","SP.POP.TOTL","St. Martin (French part)","MAF","4279","5450","7580","30036","28384"
"Population, total","SP.POP.TOTL","St. Vincent and the Grenadines","VCT","80949","90452","100505","107505","107898"
"Population, total","SP.POP.TOTL","Sudan","SDN","7544491","10281700","14507468","20147590","27250535"
"Population, total","SP.POP.TOTL","Suriname","SUR","289966","371273","362777","407472","472390"
"Population, total","SP.POP.TOTL","Sweden","SWE","7484656","8042801","8310531","8558835","8872109"
"Population, total","SP.POP.TOTL","Switzerland","CHE","5327827","6180877","6319408","6715519","7184250"
"Population, total","SP.POP.TOTL","Syrian Arab Republic","SYR","4573512","6350541","8930774","12446171","16410848"
"Population, total","SP.POP.TOTL","Tajikistan","TJK","2087038","2930079","3905413","5283728","6216205"
"Population, total","SP.POP.TOTL","Tanzania","TZA","10074507","13605529","18683157","25459604","34178042"
"Population, total","SP.POP.TOTL","Thailand","THA","27397175","36884913","47385323","56582821","62958021"
"Population, total","SP.POP.TOTL","Timor-Leste","TLS","499950","605125","587563","751933","871607"
"Population, total","SP.POP.TOTL","Togo","TGO","1580513","2115522","2720839","3786940","4970367"
"Population, total","SP.POP.TOTL","Tonga","TON","61601","84369","93007","95153","98082"
"Population, total","SP.POP.TOTL","Trinidad and Tobago","TTO","848479","945993","1085308","1221900","1267984"
"Population, total","SP.POP.TOTL","Tunisia","TUN","4176266","5060397","6368167","8232797","9699197"
"Population, total","SP.POP.TOTL","Turkey","TUR","27472331","34876267","43975921","53921699","63240121"
"Population, total","SP.POP.TOTL","Turkmenistan","TKM","1603258","2195173","2876808","3683966","4516131"
"Population, total","SP.POP.TOTL","Turks and Caicos Islands","TCA","5726","5633","7519","11552","18873"
"Population, total","SP.POP.TOTL","Tuvalu","TUV","6104","7303","8052","9003","9420"
"Population, total","SP.POP.TOTL","Uganda","UGA","6788214","9446064","12549540","17438907","24039274"
"Population, total","SP.POP.TOTL","Ukraine","UKR","42662149","47086761","49968812","51892000","49175848"
"Population, total","SP.POP.TOTL","United Arab Emirates","ARE","92634","235499","1042384","1860174","3154925"
"Population, total","SP.POP.TOTL","United Kingdom","GBR","52400000","55663250","56314216","57247586","58892514"
"Population, total","SP.POP.TOTL","United States","USA","180671000","205052000","227225000","249623000","282162411"
"Population, total","SP.POP.TOTL","Uruguay","URY","2538651","2809803","2915778","3109989","3321245"
"Population, total","SP.POP.TOTL","Uzbekistan","UZB","8549493","12110028","15939744","20510000","24650400"
"Population, total","SP.POP.TOTL","Vanuatu","VUT","63699","85389","115632","146634","185063"
"Population, total","SP.POP.TOTL","Venezuela, RB","VEN","8146847","11587761","15343916","19861956","24488340"
"Population, total","SP.POP.TOTL","Vietnam","VNM","32670629","43407287","54372514","68209605","80285562"
"Population, total","SP.POP.TOTL","Virgin Islands (U.S.)","VIR","32500","63476","99636","103963","108642"
"Population, total","SP.POP.TOTL","West Bank and Gaza","PSE","NA","NA","NA","1978248","2922153"
"Population, total","SP.POP.TOTL","Yemen, Rep.","YEM","5172135","6193810","8120497","12057039","17874725"
"Population, total","SP.POP.TOTL","Zambia","ZMB","3044846","4173928","5889230","8027253","10531221"
"Population, total","SP.POP.TOTL","Zimbabwe","ZWE","3747369","5175618","7164172","10183113","12222251"
"Population, total","SP.POP.TOTL","Arab World","ARB","92490932","122398374","165689490","224735446","283832016"
"Population, total","SP.POP.TOTL","Caribbean small states","CSS","4198307","4900059","5497756","6021614","6530691"
"Population, total","SP.POP.TOTL","Central Europe and the Baltics","CEB","91401583","99133296","106564905","110745760","108405522"
"Population, total","SP.POP.TOTL","Early-demographic dividend","EAR","979287407","1247052966","1592673530","2031828081","2474600589"
"Population, total","SP.POP.TOTL","East Asia & Pacific","EAS","1039944591","1289258962","1558178982","1821481246","2047150745"
"Population, total","SP.POP.TOTL","East Asia & Pacific (excluding high income)","EAP","893956327","1116105178","1359492990","1604526529","1815956211"
"Population, total","SP.POP.TOTL","East Asia & Pacific (IDA & IBRD countries)","TEA","882521780","1101678966","1342000587","1584201525","1792988790"
"Population, total","SP.POP.TOTL","Euro area","EMU","265396502","287416205","302363486","311539698","321310787"
"Population, total","SP.POP.TOTL","Europe & Central Asia","ECS","667246384","737948178","793937090","842848473","862304086"
"Population, total","SP.POP.TOTL","Europe & Central Asia (excluding high income)","ECA","274947938","314288628","349906056","385427446","392657969"
"Population, total","SP.POP.TOTL","Europe & Central Asia (IDA & IBRD countries)","TEC","308725388","351363928","390068206","428318228","435342598"
"Population, total","SP.POP.TOTL","European Union","EUU","409498463","442062266","464392913","478005307","488178832"
"Population, total","SP.POP.TOTL","Fragile and conflict affected situations","FCS","119967877","153859672","202791782","259301889","337602457"
"Population, total","SP.POP.TOTL","Heavily indebted poor countries (HIPC)","HPC","162495580","208415064","271603169","355762200","474935556"
"Population, total","SP.POP.TOTL","High income","HIC","780501923","876786721","962228266","1037334467","1115010208"
"Population, total","SP.POP.TOTL","IBRD only","IBD","1917374485","2368641004","2895417606","3471574806","3986056196"
"Population, total","SP.POP.TOTL","IDA & IBRD total","IBT","2299864225","2861878186","3535475763","4313726002","5072466718"
"Population, total","SP.POP.TOTL","IDA blend","IDB","123195063","158588589","211007189","282899816","361050467"
"Population, total","SP.POP.TOTL","IDA only","IDX","259294677","334648593","429050968","559251380","725360055"
"Population, total","SP.POP.TOTL","IDA total","IDA","382489740","493237182","640058157","842151196","1086410522"
"Population, total","SP.POP.TOTL","Late-demographic dividend","LTE","1097220852","1340215315","1597224701","1851248918","2047187331"
"Population, total","SP.POP.TOTL","Latin America & Caribbean","LCN","220434662","287361389","363543431","445044474","524829251"
"Population, total","SP.POP.TOTL","Latin America & Caribbean (excluding high income)","LAC","184536470","245013878","314056110","387713894","459908706"
"Population, total","SP.POP.TOTL","Latin America & the Caribbean (IDA & IBRD countries)","TLA","210357620","275222756","349689363","430014112","508826710"
"Population, total","SP.POP.TOTL","Least developed countries: UN classification","LDC","240742196","308486373","393279303","510827576","664804763"
"Population, total","SP.POP.TOTL","Low & middle income","LMY","2251658472","2808966620","3477109502","4250768747","5006672528"
"Population, total","SP.POP.TOTL","Low income","LIC","166502848","211385069","271925904","352473181","465631330"
"Population, total","SP.POP.TOTL","Lower middle income","LMC","934586665","1177647344","1489702291","1881674731","2280235216"
"Population, total","SP.POP.TOTL","Middle East & North Africa","MEA","105488678","139083819","185843847","255989130","317129227"
"Population, total","SP.POP.TOTL","Middle East & North Africa (excluding high income)","MNA","97837766","127942543","167755859","227903820","280955290"
"Population, total","SP.POP.TOTL","Middle East & North Africa (IDA & IBRD countries)","TMN","97837766","127942543","167755859","225925572","278033137"
"Population, total","SP.POP.TOTL","Middle income","MIC","2085155624","2597581551","3205183598","3898295566","4541041198"
"Population, total","SP.POP.TOTL","North America","NAC","198624409","226431000","251872670","277473326","312993944"
"Population, total","SP.POP.TOTL","Not classified","INX","NA","NA","NA","NA","NA"
"Population, total","SP.POP.TOTL","OECD members","OED","791487664","895979621","991341533","1072793105","1160068208"
"Population, total","SP.POP.TOTL","Other small states","OSS","9196324","11107495","13628831","17470899","20939372"
"Population, total","SP.POP.TOTL","Pacific island small states","PSS","865809","1152036","1420671","1694408","1964216"
"Population, total","SP.POP.TOTL","Post-demographic dividend","PST","754705296","840843453","910110515","964601905","1020591853"
"Population, total","SP.POP.TOTL","Pre-demographic dividend","PRE","188636191","241027706","319174900","417158756","554097477"
"Population, total","SP.POP.TOTL","Small states","SST","14260440","17159590","20547258","25186921","29434279"
"Population, total","SP.POP.TOTL","South Asia","SAS","571835666","712740919","900076467","1133089464","1386625845"
"Population, total","SP.POP.TOTL","South Asia (IDA & IBRD)","TSA","571835666","712740919","900076467","1133089464","1386625845"
"Population, total","SP.POP.TOTL","Sub-Saharan Africa","SSF","228586005","292929074","385885281","512177101","670649638"
"Population, total","SP.POP.TOTL","Sub-Saharan Africa (excluding high income)","SSA","228544305","292875474","385822020","512107594","670568507"
"Population, total","SP.POP.TOTL","Sub-Saharan Africa (IDA & IBRD countries)","TSS","228586005","292929074","385885281","512177101","670649638"
"Population, total","SP.POP.TOTL","Upper middle income","UMC","1150568959","1419934207","1715481307","2016620835","2260805982"
"Population, total","SP.POP.TOTL","World","WLD","3032160395","3685753341","4439337768","5288103214","6121682736"
"Population, male","SP.POP.TOTL.MA.IN","Afghanistan","AFG","4649361","5674682","6736957","6267967","10346986"
"Population, male","SP.POP.TOTL.MA.IN","Albania","ALB","828205","1099525","1374206","1683244","1560981"
"Population, male","SP.POP.TOTL.MA.IN","Algeria","DZA","5597837","7314625","9745229","13117244","15803153"
"Population, male","SP.POP.TOTL.MA.IN","American Samoa","ASM","NA","NA","NA","NA","NA"
"Population, male","SP.POP.TOTL.MA.IN","Andorra","AND","NA","NA","NA","NA","NA"
"Population, male","SP.POP.TOTL.MA.IN","Angola","AGO","2742585","3300464","4363811","5951053","8033545"
"Population, male","SP.POP.TOTL.MA.IN","Antigua and Barbuda","ATG","26066","32057","35836","32250","39389"
"Population, male","SP.POP.TOTL.MA.IN","Argentina","ARG","10471009","12022050","13860780","16047204","18131323"
"Population, male","SP.POP.TOTL.MA.IN","Armenia","ARM","903002","1232157","1509206","1714815","1440918"
"Population, male","SP.POP.TOTL.MA.IN","Aruba","ABW","26574","28885","29291","30658","43841"
"Population, male","SP.POP.TOTL.MA.IN","Australia","AUS","5191453","6287527","7333536","8509474","9555006"
"Population, male","SP.POP.TOTL.MA.IN","Austria","AUT","3282797","3507355","3572232","3672618","3888395"
"Population, male","SP.POP.TOTL.MA.IN","Azerbaijan","AZE","1863218","2519911","3016298","3500489","3935204"
"Population, male","SP.POP.TOTL.MA.IN","Bahamas, The","BHS","52385","83887","104582","127162","145097"
"Population, male","SP.POP.TOTL.MA.IN","Bahrain","BHR","86961","114922","210355","286170","381226"
"Population, male","SP.POP.TOTL.MA.IN","Bangladesh","BGD","24911873","33344390","41548723","54270961","67144693"
"Population, male","SP.POP.TOTL.MA.IN","Barbados","BRB","103461","112251","119649","125319","129637"
"Population, male","SP.POP.TOTL.MA.IN","Belarus","BLR","3706107","4154716","4484219","4778366","4684213"
"Population, male","SP.POP.TOTL.MA.IN","Belgium","BEL","4503524","4732626","4818261","4876707","5019740"
"Population, male","SP.POP.TOTL.MA.IN","Belize","BLZ","45461","60683","72730","94571","124519"
"Population, male","SP.POP.TOTL.MA.IN","Benin","BEN","1156653","1400497","1795186","2423543","3382860"
"Population, male","SP.POP.TOTL.MA.IN","Bermuda","BMU","NA","NA","NA","NA","NA"
"Population, male","SP.POP.TOTL.MA.IN","Bhutan","BTN","113813","151284","211586","276084","292714"
"Population, male","SP.POP.TOTL.MA.IN","Bolivia","BOL","1829638","2243497","2794767","3437041","4181460"
"Population, male","SP.POP.TOTL.MA.IN","Bosnia and Herzegovina","BIH","1582400","1848920","2067074","2210490","1849595"
"Population, male","SP.POP.TOTL.MA.IN","Botswana","BWA","250066","332260","487589","677771","852004"
"Population, male","SP.POP.TOTL.MA.IN","Brazil","BRA","35952077","47494553","60243562","74065784","86623241"
"Population, male","SP.POP.TOTL.MA.IN","British Virgin Islands","VGB","NA","NA","NA","NA","NA"
"Population, male","SP.POP.TOTL.MA.IN","Brunei Darussalam","BRN","42182","66826","103122","136467","168751"
"Population, male","SP.POP.TOTL.MA.IN","Bulgaria","BGR","3928033","4243738","4413940","4296743","3981680"
"Population, male","SP.POP.TOTL.MA.IN","Burkina Faso","BFA","2457982","2799624","3345108","4305690","5701658"
"Population, male","SP.POP.TOTL.MA.IN","Burundi","BDI","1344888","1679052","1995770","2643521","3140702"
"Population, male","SP.POP.TOTL.MA.IN","Cabo Verde","CPV","94953","128734","132720","162246","209878"
"Population, male","SP.POP.TOTL.MA.IN","Cambodia","KHM","2856077","3480248","3148211","4333592","5906072"
"Population, male","SP.POP.TOTL.MA.IN","Cameroon","CMR","2544372","3221292","4266592","5818117","7613609"
"Population, male","SP.POP.TOTL.MA.IN","Canada","CAN","9057268","10691816","12248211","13781230","15241867"
"Population, male","SP.POP.TOTL.MA.IN","Cayman Islands","CYM","NA","NA","NA","NA","NA"
"Population, male","SP.POP.TOTL.MA.IN","Central African Republic","CAF","739365","898651","1120133","1443775","1847763"
"Population, male","SP.POP.TOTL.MA.IN","Chad","TCD","1466806","1785528","2226728","2957188","4155474"
"Population, male","SP.POP.TOTL.MA.IN","Channel Islands","CHI","52960","58983","62090","68397","72590"
"Population, male","SP.POP.TOTL.MA.IN","Chile","CHL","3797232","4703148","5546243","6532457","7546045"
"Population, male","SP.POP.TOTL.MA.IN","China","CHN","343839501","420001834","503577431","582470121","648445282"
"Population, male","SP.POP.TOTL.MA.IN","Colombia","COL","8186342","10979409","13810976","17020763","19980925"
"Population, male","SP.POP.TOTL.MA.IN","Comoros","COM","95076","114680","153769","206384","272852"
"Population, male","SP.POP.TOTL.MA.IN","Congo, Dem. Rep.","COD","7283487","9698038","12909458","17080404","23344548"
"Population, male","SP.POP.TOTL.MA.IN","Congo, Rep.","COG","514635","678414","916503","1217098","1610578"
"Population, male","SP.POP.TOTL.MA.IN","Costa Rica","CRI","677930","938153","1208384","1560470","1970392"
"Population, male","SP.POP.TOTL.MA.IN","Cote d'Ivoire","CIV","1817335","2705993","4321092","6369485","8609932"
"Population, male","SP.POP.TOTL.MA.IN","Croatia","HRV","1988118","2134421","2222284","2317573","2130748"
"Population, male","SP.POP.TOTL.MA.IN","Cuba","CUB","3648369","4431087","4977067","5331570","5594317"
"Population, male","SP.POP.TOTL.MA.IN","Curacao","CUW","62564","71247","72205","69769","62850"
"Population, male","SP.POP.TOTL.MA.IN","Cyprus","CYP","281665","303232","345128","388626","475424"
"Population, male","SP.POP.TOTL.MA.IN","Czech Republic","CZE","4669302","4770399","4996104","5016169","4988766"
"Population, male","SP.POP.TOTL.MA.IN","Denmark","DNK","2272194","2447640","2530266","2535725","2642115"
"Population, male","SP.POP.TOTL.MA.IN","Djibouti","DJI","41574","79489","181088","296962","360763"
"Population, male","SP.POP.TOTL.MA.IN","Dominica","DMA","NA","NA","NA","NA","NA"
"Population, male","SP.POP.TOTL.MA.IN","Dominican Republic","DOM","1667830","2274457","2928171","3614409","4291264"
"Population, male","SP.POP.TOTL.MA.IN","Ecuador","ECU","2272496","3048111","4010323","5134168","6331205"
"Population, male","SP.POP.TOTL.MA.IN","Egypt, Arab Rep.","EGY","13674538","17749456","22258917","28822442","35164259"
"Population, male","SP.POP.TOTL.MA.IN","El Salvador","SLV","1361749","1824934","2258970","2564895","2827447"
"Population, male","SP.POP.TOTL.MA.IN","Equatorial Guinea","GNQ","125079","152108","126355","211532","318062"
"Population, male","SP.POP.TOTL.MA.IN","Eritrea","ERI","694449","903118","1190653","1556852","1696285"
"Population, male","SP.POP.TOTL.MA.IN","Estonia","EST","534851","622193","683824","733798","651567"
"Population, male","SP.POP.TOTL.MA.IN","Eswatini","SWZ","169028","211572","286501","405761","510818"
"Population, male","SP.POP.TOTL.MA.IN","Ethiopia","ETH","11010787","14138850","17554573","23981105","33176659"
"Population, male","SP.POP.TOTL.MA.IN","Faroe Islands","FRO","NA","NA","NA","NA","NA"
"Population, male","SP.POP.TOTL.MA.IN","Fiji","FJI","202612","264724","321608","370083","412019"
"Population, male","SP.POP.TOTL.MA.IN","Finland","FIN","2133537","2224767","2310808","2419886","2526845"
"Population, male","SP.POP.TOTL.MA.IN","France","FRA","22770030","25571596","27279364","28731195","29863225"
"Population, male","SP.POP.TOTL.MA.IN","French Polynesia","PYF","40149","56558","78884","103079","122142"
"Population, male","SP.POP.TOTL.MA.IN","Gabon","GAB","243638","282666","353214","466383","610674"
"Population, male","SP.POP.TOTL.MA.IN","Gambia, The","GMB","180989","228878","299699","461574","611939"
"Population, male","SP.POP.TOTL.MA.IN","Georgia","GEO","1698431","1939425","2098319","2282898","2094500"
"Population, male","SP.POP.TOTL.MA.IN","Germany","DEU","33863880","37010346","37311205","38321053","40032873"
"Population, male","SP.POP.TOTL.MA.IN","Ghana","GHA","3380188","4378408","5490018","7433547","9564985"
"Population, male","SP.POP.TOTL.MA.IN","Gibraltar","GIB","NA","NA","NA","NA","NA"
"Population, male","SP.POP.TOTL.MA.IN","Greece","GRC","4084091","4323477","4772522","5056261","5372190"
"Population, male","SP.POP.TOTL.MA.IN","Greenland","GRL","NA","NA","NA","NA","NA"
"Population, male","SP.POP.TOTL.MA.IN","Grenada","GRD","41696","44673","42997","47512","50244"
"Population, male","SP.POP.TOTL.MA.IN","Guam","GUM","39048","46741","54295","69608","79430"
"Population, male","SP.POP.TOTL.MA.IN","Guatemala","GTM","2131919","2845056","3659475","4603180","5716737"
"Population, male","SP.POP.TOTL.MA.IN","Guinea","GIN","1769873","2081217","2224472","2987433","4386299"
"Population, male","SP.POP.TOTL.MA.IN","Guinea-Bissau","GNB","304212","350954","388789","493911","608283"
"Population, male","SP.POP.TOTL.MA.IN","Guyana","GUY","286457","353831","392712","366733","374515"
"Population, male","SP.POP.TOTL.MA.IN","Haiti","HTI","1897440","2317706","2797311","3499598","4221292"
"Population, male","SP.POP.TOTL.MA.IN","Honduras","HND","1022664","1354307","1827569","2461239","3243899"
"Population, male","SP.POP.TOTL.MA.IN","Hong Kong SAR, China","HKG","1580690","2018570","2641288","2895720","3275043"
"Population, male","SP.POP.TOTL.MA.IN","Hungary","HUN","4814002","5010687","5188745","4982192","4857857"
"Population, male","SP.POP.TOTL.MA.IN","Iceland","ISL","88712","103363","115004","127948","140722"
"Population, male","SP.POP.TOTL.MA.IN","India","IND","231929047","286628713","360871637","450351808","545513566"
"Population, male","SP.POP.TOTL.MA.IN","Indonesia","IDN","43636790","57246217","73680782","91116020","105868347"
"Population, male","SP.POP.TOTL.MA.IN","Iran, Islamic Rep.","IRN","11242614","14652473","19925378","28651608","33530872"
"Population, male","SP.POP.TOTL.MA.IN","Iraq","IRQ","3666630","5044851","6972417","8814268","11889713"
"Population, male","SP.POP.TOTL.MA.IN","Ireland","IRL","1422769","1484493","1714245","1749533","1892566"
"Population, male","SP.POP.TOTL.MA.IN","Isle of Man","IMN","NA","NA","NA","NA","NA"
"Population, male","SP.POP.TOTL.MA.IN","Israel","ISR","1071918","1500042","1936036","2325683","3099186"
"Population, male","SP.POP.TOTL.MA.IN","Italy","ITA","24417976","26234187","27444212","27586142","27627304"
"Population, male","SP.POP.TOTL.MA.IN","Jamaica","JAM","783752","916274","1068922","1195348","1320063"
"Population, male","SP.POP.TOTL.MA.IN","Japan","JPN","45531686","51432558","57653752","60880390","62290265"
"Population, male","SP.POP.TOTL.MA.IN","Jordan","JOR","487319","891457","1240650","1865300","2645206"
"Population, male","SP.POP.TOTL.MA.IN","Kazakhstan","KAZ","4677205","6145176","7007804","7936115","7159857"
"Population, male","SP.POP.TOTL.MA.IN","Kenya","KEN","4065070","5612896","8101282","11649236","15619138"
"Population, male","SP.POP.TOTL.MA.IN","Kiribati","KIR","20346","25292","29240","35821","41593"
"Population, male","SP.POP.TOTL.MA.IN","Korea, Dem. People’s Rep.","PRK","5279170","6813292","8394228","9859248","11177727"
"Population, male","SP.POP.TOTL.MA.IN","Korea, Rep.","KOR","12589155","16191370","19102834","21489506","23586048"
"Population, male","SP.POP.TOTL.MA.IN","Kosovo","XKX","NA","NA","NA","NA","NA"
"Population, male","SP.POP.TOTL.MA.IN","Kuwait","KWT","173152","421257","785040","1193033","1198505"
"Population, male","SP.POP.TOTL.MA.IN","Kyrgyz Republic","KGZ","1032105","1417390","1758741","2153630","2421959"
"Population, male","SP.POP.TOTL.MA.IN","Lao PDR","LAO","1042273","1326765","1618231","2129857","2656947"
"Population, male","SP.POP.TOTL.MA.IN","Latvia","LVA","936052","1080194","1157474","1240830","1087941"
"Population, male","SP.POP.TOTL.MA.IN","Lebanon","LBN","907606","1160211","1291571","1333021","1605148"
"Population, male","SP.POP.TOTL.MA.IN","Lesotho","LSO","396265","477489","612682","774723","899304"
"Population, male","SP.POP.TOTL.MA.IN","Liberia","LBR","568114","708865","941062","1044010","1441421"
"Population, male","SP.POP.TOTL.MA.IN","Libya","LBY","743197","1100450","1685503","2338934","2780259"
"Population, male","SP.POP.TOTL.MA.IN","Liechtenstein","LIE","NA","NA","NA","NA","NA"
"Population, male","SP.POP.TOTL.MA.IN","Lithuania","LTU","1280906","1472737","1608895","1749804","1637904"
"Population, male","SP.POP.TOTL.MA.IN","Luxembourg","LUX","155067","166192","177757","186834","214883"
"Population, male","SP.POP.TOTL.MA.IN","Macao SAR, China","MAC","82460","126627","122019","169895","205007"
"Population, male","SP.POP.TOTL.MA.IN","Macedonia, FYR","MKD","753383","873040","975092","1004097","1019340"
"Population, male","SP.POP.TOTL.MA.IN","Madagascar","MDG","2592807","3317225","4370752","5791123","7850485"
"Population, male","SP.POP.TOTL.MA.IN","Malawi","MWI","1751841","2238628","3018096","4637663","5610359"
"Population, male","SP.POP.TOTL.MA.IN","Malaysia","MYS","4152611","5475969","6975193","9177164","11812506"
"Population, male","SP.POP.TOTL.MA.IN","Maldives","MDV","48954","59846","82837","114437","141954"
"Population, male","SP.POP.TOTL.MA.IN","Mali","MLI","2660862","2977676","3531232","4180009","5440203"
"Population, male","SP.POP.TOTL.MA.IN","Malta","MLT","158063","146626","154280","175018","194379"
"Population, male","SP.POP.TOTL.MA.IN","Marshall Islands","MHL","NA","NA","NA","NA","NA"
"Population, male","SP.POP.TOTL.MA.IN","Mauritania","MRT","425066","571883","764279","1012193","1354126"
"Population, male","SP.POP.TOTL.MA.IN","Mauritius","MUS","328768","413260","476337","527992","588549"
"Population, male","SP.POP.TOTL.MA.IN","Mexico","MEX","19017553","25948894","34592052","42450710","50506622"
"Population, male","SP.POP.TOTL.MA.IN","Micronesia, Fed. Sts.","FSM","22941","31675","37295","49273","54382"
"Population, male","SP.POP.TOTL.MA.IN","Moldova","MDA","1190215","1423476","1605746","1761615","1742022"
"Population, male","SP.POP.TOTL.MA.IN","Monaco","MCO","NA","NA","NA","NA","NA"
"Population, male","SP.POP.TOTL.MA.IN","Mongolia","MNG","469843","629856","833204","1078255","1195611"
"Population, male","SP.POP.TOTL.MA.IN","Montenegro","MNE","233976","250199","280985","301917","298802"
"Population, male","SP.POP.TOTL.MA.IN","Morocco","MAR","6142937","7911800","9957774","12413013","14293982"
"Population, male","SP.POP.TOTL.MA.IN","Mozambique","MOZ","3610372","4480201","5794740","6327646","8666206"
"Population, male","SP.POP.TOTL.MA.IN","Myanmar","MMR","10253911","12856465","16295316","19881827","22519794"
"Population, male","SP.POP.TOTL.MA.IN","Namibia","NAM","297457","385447","493167","688666","928511"
"Population, male","SP.POP.TOTL.MA.IN","Nauru","NRU","NA","NA","NA","NA","NA"
"Population, male","SP.POP.TOTL.MA.IN","Nepal","NPL","5011684","5964316","7452986","9303380","11806324"
"Population, male","SP.POP.TOTL.MA.IN","Netherlands","NLD","5719411","6504150","7026168","7395215","7888406"
"Population, male","SP.POP.TOTL.MA.IN","New Caledonia","NCL","41644","58549","72313","87183","107983"
"Population, male","SP.POP.TOTL.MA.IN","New Zealand","NZL","1191849","1404395","1547260","1638887","1893349"
"Population, male","SP.POP.TOTL.MA.IN","Nicaragua","NIC","885731","1199215","1626753","2055401","2487089"
"Population, male","SP.POP.TOTL.MA.IN","Niger","NER","1596477","2182930","2945240","3911277","5634639"
"Population, male","SP.POP.TOTL.MA.IN","Nigeria","NGA","22530196","27993647","36928969","47928866","61684869"
"Population, male","SP.POP.TOTL.MA.IN","Northern Mariana Islands","MNP","NA","NA","NA","NA","NA"
"Population, male","SP.POP.TOTL.MA.IN","Norway","NOR","1783839","1927315","2024609","2097050","2224846"
"Population, male","SP.POP.TOTL.MA.IN","Oman","OMN","273280","355657","608388","1008693","1273251"
"Population, male","SP.POP.TOTL.MA.IN","Pakistan","PAK","24056248","30712471","40839077","55814383","71471141"
"Population, male","SP.POP.TOTL.MA.IN","Palau","PLW","NA","NA","NA","NA","NA"
"Population, male","SP.POP.TOTL.MA.IN","Panama","PAN","578236","772718","1002348","1249017","1527031"
"Population, male","SP.POP.TOTL.MA.IN","Papua New Guinea","PNG","1039665","1294614","1686738","2193467","2831171"
"Population, male","SP.POP.TOTL.MA.IN","Paraguay","PRY","936902","1234126","1604176","2129651","2683481"
"Population, male","SP.POP.TOTL.MA.IN","Peru","PER","5056794","6699891","8689593","10905861","12950839"
"Population, male","SP.POP.TOTL.MA.IN","Philippines","PHL","13222046","18113981","23975781","31292547","39280387"
"Population, male","SP.POP.TOTL.MA.IN","Poland","POL","14335301","15861309","17311526","18558108","18573611"
"Population, male","SP.POP.TOTL.MA.IN","Portugal","PRT","4238063","4121703","4700101","4809308","4965375"
"Population, male","SP.POP.TOTL.MA.IN","Puerto Rico","PRI","1165549","1331868","1560736","1712909","1834098"
"Population, male","SP.POP.TOTL.MA.IN","Qatar","QAT","26763","69895","140995","319023","386342"
"Population, male","SP.POP.TOTL.MA.IN","Romania","ROU","8988911","9947147","10970172","11437865","10979181"
"Population, male","SP.POP.TOTL.MA.IN","Russian Federation","RUS","53698906","59521741","64147308","69425969","68603100"
"Population, male","SP.POP.TOTL.MA.IN","Rwanda","RWA","1439609","1842878","2527460","3564804","3914962"
"Population, male","SP.POP.TOTL.MA.IN","Samoa","WSM","55148","72958","79552","85010","90928"
"Population, male","SP.POP.TOTL.MA.IN","San Marino","SMR","NA","NA","NA","NA","NA"
"Population, male","SP.POP.TOTL.MA.IN","Sao Tome and Principe","STP","35747","37216","46846","56398","68812"
"Population, male","SP.POP.TOTL.MA.IN","Saudi Arabia","SAU","2052198","2971584","5224947","9144961","11309225"
"Population, male","SP.POP.TOTL.MA.IN","Senegal","SEN","1593240","2143033","2800744","3760921","4864493"
"Population, male","SP.POP.TOTL.MA.IN","Serbia","SRB","NA","NA","NA","3744551","3688621"
"Population, male","SP.POP.TOTL.MA.IN","Seychelles","SYC","20412","26854","31931","34669","40411"
"Population, male","SP.POP.TOTL.MA.IN","Sierra Leone","SLE","1119748","1311021","1652859","2129571","2253351"
"Population, male","SP.POP.TOTL.MA.IN","Singapore","SGP","867319","1062080","1231360","1533025","2012218"
"Population, male","SP.POP.TOTL.MA.IN","Sint Maarten (Dutch part)","SXM","NA","NA","NA","NA","NA"
"Population, male","SP.POP.TOTL.MA.IN","Slovak Republic","SVK","2008036","2238575","2446773","2586549","2616580"
"Population, male","SP.POP.TOTL.MA.IN","Slovenia","SVN","759149","834895","916770","969845","970977"
"Population, male","SP.POP.TOTL.MA.IN","Solomon Islands","SLB","63239","84234","119208","160213","212086"
"Population, male","SP.POP.TOTL.MA.IN","Somalia","SOM","1363645","1702717","3242821","3721195","4516198"
"Population, male","SP.POP.TOTL.MA.IN","South Africa","ZAF","8727776","11416713","14798641","18548805","22440368"
"Population, male","SP.POP.TOTL.MA.IN","South Sudan","SSD","1484329","1819114","2339866","2867286","3337663"
"Population, male","SP.POP.TOTL.MA.IN","Spain","ESP","14791891","16499706","18394824","19039058","19912437"
"Population, male","SP.POP.TOTL.MA.IN","Sri Lanka","LKA","5183213","6429451","7666381","8750013","9368064"
"Population, male","SP.POP.TOTL.MA.IN","St. Kitts and Nevis","KNA","NA","NA","NA","NA","NA"
"Population, male","SP.POP.TOTL.MA.IN","St. Lucia","LCA","43203","50094","57702","67850","76861"
"Population, male","SP.POP.TOTL.MA.IN","St. Martin (French part)","MAF","NA","NA","NA","NA","NA"
"Population, male","SP.POP.TOTL.MA.IN","St. Vincent and the Grenadines","VCT","37950","42784","48674","53444","54331"
"Population, male","SP.POP.TOTL.MA.IN","Sudan","SDN","3768217","5142242","7267382","10103185","13664864"
"Population, male","SP.POP.TOTL.MA.IN","Suriname","SUR","144993","185283","183220","206949","238326"
"Population, male","SP.POP.TOTL.MA.IN","Sweden","SWE","3733198","4015732","4116463","4227935","4387548"
"Population, male","SP.POP.TOTL.MA.IN","Switzerland","CHE","2580714","3019809","3074027","3277968","3509827"
"Population, male","SP.POP.TOTL.MA.IN","Syrian Arab Republic","SYR","2337865","3217838","4508218","6291884","8301811"
"Population, male","SP.POP.TOTL.MA.IN","Tajikistan","TJK","1015083","1435611","1926106","2619106","3113660"
"Population, male","SP.POP.TOTL.MA.IN","Tanzania","TZA","4935023","6690715","9222126","12593971","16914323"
"Population, male","SP.POP.TOTL.MA.IN","Thailand","THA","13718971","18485692","23729313","28027322","31095804"
"Population, male","SP.POP.TOTL.MA.IN","Timor-Leste","TLS","253705","307313","297919","380487","442014"
"Population, male","SP.POP.TOTL.MA.IN","Togo","TGO","778785","1043945","1343976","1868054","2464925"
"Population, male","SP.POP.TOTL.MA.IN","Tonga","TON","31271","43200","47367","48247","49885"
"Population, male","SP.POP.TOTL.MA.IN","Trinidad and Tobago","TTO","425771","469591","539299","608616","630612"
"Population, male","SP.POP.TOTL.MA.IN","Tunisia","TUN","2082187","2537817","3200864","4139447","4866000"
"Population, male","SP.POP.TOTL.MA.IN","Turkey","TUR","13692633","17323803","21815301","26630242","31144013"
"Population, male","SP.POP.TOTL.MA.IN","Turkmenistan","TKM","781756","1073709","1408462","1810468","2222834"
"Population, male","SP.POP.TOTL.MA.IN","Turks and Caicos Islands","TCA","NA","NA","NA","NA","NA"
"Population, male","SP.POP.TOTL.MA.IN","Tuvalu","TUV","NA","NA","NA","NA","NA"
"Population, male","SP.POP.TOTL.MA.IN","Uganda","UGA","3374296","4695217","6243235","8657463","11884265"
"Population, male","SP.POP.TOTL.MA.IN","Ukraine","UKR","19031945","21411143","22948602","24132193","22890456"
"Population, male","SP.POP.TOTL.MA.IN","United Arab Emirates","ARE","46355","149076","725507","1220563","2129352"
"Population, male","SP.POP.TOTL.MA.IN","United Kingdom","GBR","25304066","27011329","27395092","27822071","28693896"
"Population, male","SP.POP.TOTL.MA.IN","United States","USA","89503312","100975878","111402057","122308854","138971948"
"Population, male","SP.POP.TOTL.MA.IN","Uruguay","URY","1270266","1396587","1430244","1508497","1607436"
"Population, male","SP.POP.TOTL.MA.IN","Uzbekistan","UZB","4105909","5890597","7833541","10146775","12258274"
"Population, male","SP.POP.TOTL.MA.IN","Vanuatu","VUT","32877","45197","61046","75410","94642"
"Population, male","SP.POP.TOTL.MA.IN","Venezuela, RB","VEN","4151917","5883196","7755648","10007670","12294123"
"Population, male","SP.POP.TOTL.MA.IN","Vietnam","VNM","16116127","21396277","26715758","33583928","39551405"
"Population, male","SP.POP.TOTL.MA.IN","Virgin Islands (U.S.)","VIR","16112","31727","48089","50763","52459"
"Population, male","SP.POP.TOTL.MA.IN","West Bank and Gaza","PSE","NA","NA","NA","1001151","1481443"
"Population, male","SP.POP.TOTL.MA.IN","Yemen, Rep.","YEM","2588983","3052246","3973702","5972488","9040676"
"Population, male","SP.POP.TOTL.MA.IN","Zambia","ZMB","1512393","2073835","2926600","3978484","5208137"
"Population, male","SP.POP.TOTL.MA.IN","Zimbabwe","ZWE","1868340","2578635","3555675","5053906","6006798"
"Population, male","SP.POP.TOTL.MA.IN","Arab World","ARB","46581386","61674153","84139416","114621554","144718354"
"Population, male","SP.POP.TOTL.MA.IN","Caribbean small states","CSS","1991195","2351408","2666323","2925754","3183594"
"Population, male","SP.POP.TOTL.MA.IN","Central Europe and the Baltics","CEB","44242661","48216295","51916507","53889476","52476812"
"Population, male","SP.POP.TOTL.MA.IN","Early-demographic dividend","EAR","499260723","635982617","811658169","1035120548","1259535348"
"Population, male","SP.POP.TOTL.MA.IN","East Asia & Pacific","EAS","528902837","654291773","790767194","924326202","1038350338"
"Population, male","SP.POP.TOTL.MA.IN","East Asia & Pacific (excluding high income)","EAP","456309124","567995803","691623421","816347892","923738602"
"Population, male","SP.POP.TOTL.MA.IN","East Asia & Pacific (IDA & IBRD countries)","TEA","451029954","561182511","683229193","806488644","912560875"
"Population, male","SP.POP.TOTL.MA.IN","Euro area","EMU","127341758","139079050","146834843","151688280","156839011"
"Population, male","SP.POP.TOTL.MA.IN","Europe & Central Asia","ECS","315768331","352491352","380997552","406115986","415956368"
"Population, male","SP.POP.TOTL.MA.IN","Europe & Central Asia (excluding high income)","ECA","126962230","147197941","165280779","183571588","187089210"
"Population, male","SP.POP.TOTL.MA.IN","Europe & Central Asia (IDA & IBRD countries)","TEC","143285649","165193671","184814589","204447269","207793569"
"Population, male","SP.POP.TOTL.MA.IN","European Union","EUU","197374883","214521452","225979435","232882661","238074413"
"Population, male","SP.POP.TOTL.MA.IN","Fragile and conflict affected situations","FCS","59030369","75743767","100151831","128112844","167565765"
"Population, male","SP.POP.TOTL.MA.IN","Heavily indebted poor countries (HIPC)","HPC","80458630","103366659","135014062","176805573","236331436"
"Population, male","SP.POP.TOTL.MA.IN","High income","HIC","381864721","430069004","472677595","510415226","549454404"
"Population, male","SP.POP.TOTL.MA.IN","IBRD only","IBD","966178862","1195926607","1464195907","1756882569","2018029048"
"Population, male","SP.POP.TOTL.MA.IN","IDA & IBRD total","IBT","1157965458","1442744606","1784411447","2178329334","2562309226"
"Population, male","SP.POP.TOTL.MA.IN","IDA blend","IDB","62856000","80609496","107147339","143373257","182866539"
"Population, male","SP.POP.TOTL.MA.IN","IDA only","IDX","128930596","166208503","213068201","278073508","361413639"
"Population, male","SP.POP.TOTL.MA.IN","IDA total","IDA","191786596","246817999","320215540","421446765","544280178"
"Population, male","SP.POP.TOTL.MA.IN","Late-demographic dividend","LTE","550573881","673101450","803987061","933135976","1032561076"
"Population, male","SP.POP.TOTL.MA.IN","Latin America & Caribbean","LCN","110076088","143426230","181001056","220969438","259893010"
"Population, male","SP.POP.TOTL.MA.IN","Latin America & Caribbean (excluding high income)","LAC","92080863","122370214","156651754","192874817","228143192"
"Population, male","SP.POP.TOTL.MA.IN","Latin America & the Caribbean (IDA & IBRD countries)","TLA","105001074","137335278","174089437","213521288","252030711"
"Population, male","SP.POP.TOTL.MA.IN","Least developed countries: UN classification","LDC","119991144","153546008","195631671","254357056","331434199"
"Population, male","SP.POP.TOTL.MA.IN","Low & middle income","LMY","1133980586","1416570250","1755802251","2147632912","2530336107"
"Population, male","SP.POP.TOTL.MA.IN","Low income","LIC","82021641","104287578","134523730","174463950","231134089"
"Population, male","SP.POP.TOTL.MA.IN","Lower middle income","LMC","473319707","597621074","756413061","956303040","1159410777"
"Population, male","SP.POP.TOTL.MA.IN","Middle East & North Africa","MEA","53401977","70441772","94726859","130730906","161734751"
"Population, male","SP.POP.TOTL.MA.IN","Middle East & North Africa (excluding high income)","MNA","49513287","64712713","84941311","115057762","141763285"
"Population, male","SP.POP.TOTL.MA.IN","Middle East & North Africa (IDA & IBRD countries)","TMN","49513287","64712713","84941311","114056611","140281842"
"Population, male","SP.POP.TOTL.MA.IN","Middle income","MIC","1051958945","1312282672","1621278521","1973168962","2299202018"
"Population, male","SP.POP.TOTL.MA.IN","North America","NAC","98560580","111667694","123650268","136090084","154213815"
"Population, male","SP.POP.TOTL.MA.IN","Not classified","INX","NA","NA","NA","NA","NA"
"Population, male","SP.POP.TOTL.MA.IN","OECD members","OED","387127417","439256206","486264553","526317235","570022745"
"Population, male","SP.POP.TOTL.MA.IN","Other small states","OSS","4452909","5417306","6696722","8704947","10454755"
"Population, male","SP.POP.TOTL.MA.IN","Pacific island small states","PSS","428434","567280","695316","824057","955535"
"Population, male","SP.POP.TOTL.MA.IN","Post-demographic dividend","PST","366925391","410112428","444363693","471379539","499750574"
"Population, male","SP.POP.TOTL.MA.IN","Pre-demographic dividend","PRE","93537963","119731144","159086672","207752435","276422767"
"Population, male","SP.POP.TOTL.MA.IN","Small states","SST","6872538","8335994","10058361","12454758","14593884"
"Population, male","SP.POP.TOTL.MA.IN","South Asia","SAS","295904193","368965153","465410184","585149033","716085442"
"Population, male","SP.POP.TOTL.MA.IN","South Asia (IDA & IBRD)","TSA","295904193","368965153","465410184","585149033","716085442"
"Population, male","SP.POP.TOTL.MA.IN","Sub-Saharan Africa","SSF","113231301","145355280","191926733","254666489","333556787"
"Population, male","SP.POP.TOTL.MA.IN","Sub-Saharan Africa (excluding high income)","SSA","113210889","145328426","191894802","254631820","333516376"
"Population, male","SP.POP.TOTL.MA.IN","Sub-Saharan Africa (IDA & IBRD countries)","TSS","113231301","145355280","191926733","254666489","333556787"
"Population, male","SP.POP.TOTL.MA.IN","Upper middle income","UMC","578639238","714661598","864865460","1016865922","1139791241"
"Population, male","SP.POP.TOTL.MA.IN","World","WLD","1515845307","1846639254","2228479846","2658048138","3079790511"
"Population, female","SP.POP.TOTL.FE.IN","Afghanistan","AFG","4346990","5451441","6511413","5981147","9746770"
"Population, female","SP.POP.TOTL.FE.IN","Albania","ALB","780595","1035954","1297791","1603298","1528046"
"Population, female","SP.POP.TOTL.FE.IN","Algeria","DZA","5527051","7235409","9592486","12795123","15380507"
"Population, female","SP.POP.TOTL.FE.IN","American Samoa","ASM","NA","NA","NA","NA","NA"
"Population, female","SP.POP.TOTL.FE.IN","Andorra","AND","NA","NA","NA","NA","NA"
"Population, female","SP.POP.TOTL.FE.IN","Angola","AGO","2900597","3475917","4566089","6220388","8407379"
"Population, female","SP.POP.TOTL.FE.IN","Antigua and Barbuda","ATG","29273","35041","37606","34446","44195"
"Population, female","SP.POP.TOTL.FE.IN","Argentina","ARG","10148066","11951008","14245108","16682535","18926129"
"Population, female","SP.POP.TOTL.FE.IN","Armenia","ARM","971118","1292908","1590545","1823350","1628670"
"Population, female","SP.POP.TOTL.FE.IN","Aruba","ABW","27637","30178","30805","31491","47012"
"Population, female","SP.POP.TOTL.FE.IN","Australia","AUS","5085024","6219473","7358464","8555626","9597994"
"Population, female","SP.POP.TOTL.FE.IN","Austria","AUT","3764742","3959731","3977201","4005232","4123171"
"Population, female","SP.POP.TOTL.FE.IN","Azerbaijan","AZE","2032178","2660114","3134440","3658511","4113396"
"Population, female","SP.POP.TOTL.FE.IN","Bahamas, The","BHS","57143","85467","106079","129174","152793"
"Population, female","SP.POP.TOTL.FE.IN","Bahrain","BHR","75466","97683","149533","209761","283388"
"Population, female","SP.POP.TOTL.FE.IN","Bangladesh","BGD","23287874","31703380","39922137","51917681","64436550"
"Population, female","SP.POP.TOTL.FE.IN","Barbados","BRB","127478","126597","132545","135055","140210"
"Population, female","SP.POP.TOTL.FE.IN","Belarus","BLR","4491893","4885284","5158781","5410634","5295397"
"Population, female","SP.POP.TOTL.FE.IN","Belgium","BEL","4649965","4922923","5040981","5090672","5231510"
"Population, female","SP.POP.TOTL.FE.IN","Belize","BLZ","46603","61499","71425","92981","122796"
"Population, female","SP.POP.TOTL.FE.IN","Benin","BEN","1274969","1511843","1921979","2554953","3483091"
"Population, female","SP.POP.TOTL.FE.IN","Bermuda","BMU","NA","NA","NA","NA","NA"
"Population, female","SP.POP.TOTL.FE.IN","Bhutan","BTN","109475","147017","197586","261196","280702"
"Population, female","SP.POP.TOTL.FE.IN","Bolivia","BOL","1863811","2262281","2794808","3419203","4158052"
"Population, female","SP.POP.TOTL.FE.IN","Bosnia and Herzegovina","BIH","1643268","1911607","2112781","2252932","1917111"
"Population, female","SP.POP.TOTL.FE.IN","Botswana","BWA","274486","363337","513569","700141","876336"
"Population, female","SP.POP.TOTL.FE.IN","Brazil","BRA","36255477","47832240","60916199","75286361","88664346"
"Population, female","SP.POP.TOTL.FE.IN","British Virgin Islands","VGB","NA","NA","NA","NA","NA"
"Population, female","SP.POP.TOTL.FE.IN","Brunei Darussalam","BRN","39563","62757","90827","122318","164490"
"Population, female","SP.POP.TOTL.FE.IN","Bulgaria","BGR","3939341","4245836","4447595","4421546","4188492"
"Population, female","SP.POP.TOTL.FE.IN","Burkina Faso","BFA","2371306","2824976","3477735","4505344","5906284"
"Population, female","SP.POP.TOTL.FE.IN","Burundi","BDI","1441218","1776554","2121047","2771894","3260004"
"Population, female","SP.POP.TOTL.FE.IN","Cabo Verde","CPV","107357","141464","153937","179637","225201"
"Population, female","SP.POP.TOTL.FE.IN","Cambodia","KHM","2866293","3514600","3543896","4639750","6246282"
"Population, female","SP.POP.TOTL.FE.IN","Cameroon","CMR","2631896","3306343","4351762","5897101","7660625"
"Population, female","SP.POP.TOTL.FE.IN","Canada","CAN","8851741","10632184","12344789","14009770","15527833"
"Population, female","SP.POP.TOTL.FE.IN","Cayman Islands","CYM","NA","NA","NA","NA","NA"
"Population, female","SP.POP.TOTL.FE.IN","Central African Republic","CAF","764143","930058","1159688","1496005","1907223"
"Population, female","SP.POP.TOTL.FE.IN","Chad","TCD","1534787","1858021","2285314","2999671","4187085"
"Population, female","SP.POP.TOTL.FE.IN","Channel Islands","CHI","56460","62214","66122","72274","76135"
"Population, female","SP.POP.TOTL.FE.IN","Chile","CHL","3919393","4860717","5719983","6709675","7716709"
"Population, female","SP.POP.TOTL.FE.IN","China","CHN","323230499","398313166","477657569","552714879","614199718"
"Population, female","SP.POP.TOTL.FE.IN","Colombia","COL","8294041","11081806","13926924","17250802","20423033"
"Population, female","SP.POP.TOTL.FE.IN","Comoros","COM","96045","115374","154060","205210","269505"
"Population, female","SP.POP.TOTL.FE.IN","Congo, Dem. Rep.","COD","7964764","10311897","13448004","17534177","23731839"
"Population, female","SP.POP.TOTL.FE.IN","Congo, Rep.","COG","522585","686398","923432","1223359","1615149"
"Population, female","SP.POP.TOTL.FE.IN","Costa Rica","CRI","655110","910713","1180926","1535525","1955051"
"Population, female","SP.POP.TOTL.FE.IN","Cote d'Ivoire","CIV","1741653","2536402","3972583","5898269","8076629"
"Population, female","SP.POP.TOTL.FE.IN","Croatia","HRV","2151882","2276579","2365716","2462427","2295252"
"Population, female","SP.POP.TOTL.FE.IN","Cuba","CUB","3492766","4284036","4858110","5250511","5556419"
"Population, female","SP.POP.TOTL.FE.IN","Curacao","CUW","62262","73492","75836","75631","71010"
"Population, female","SP.POP.TOTL.FE.IN","Cyprus","CYP","291265","310389","340278","377988","467862"
"Population, female","SP.POP.TOTL.FE.IN","Czech Republic","CZE","4932704","5087672","5308089","5317186","5266297"
"Population, female","SP.POP.TOTL.FE.IN","Denmark","DNK","2307409","2481117","2592761","2605214","2697501"
"Population, female","SP.POP.TOTL.FE.IN","Djibouti","DJI","42062","80170","177872","293436","356821"
"Population, female","SP.POP.TOTL.FE.IN","Dominica","DMA","NA","NA","NA","NA","NA"
"Population, female","SP.POP.TOTL.FE.IN","Dominican Republic","DOM","1626212","2228657","2881098","3569238","4271358"
"Population, female","SP.POP.TOTL.FE.IN","Ecuador","ECU","2273054","3024416","3966122","5083923","6297391"
"Population, female","SP.POP.TOTL.FE.IN","Egypt, Arab Rep.","EGY","13321995","17296817","21840225","28589773","34741729"
"Population, female","SP.POP.TOTL.FE.IN","El Salvador","SLV","1401150","1843661","2321734","2690089","3040179"
"Population, female","SP.POP.TOTL.FE.IN","Equatorial Guinea","GNQ","130244","154407","128970","215314","296261"
"Population, female","SP.POP.TOTL.FE.IN","Eritrea","ERI","703042","908760","1194887","1556459","1696516"
"Population, female","SP.POP.TOTL.FE.IN","Estonia","EST","676686","737883","793395","835376","745418"
"Population, female","SP.POP.TOTL.FE.IN","Eswatini","SWZ","180146","234157","316871","455612","550650"
"Population, female","SP.POP.TOTL.FE.IN","Ethiopia","ETH","11140491","14276227","17710325","24105411","33360672"
"Population, female","SP.POP.TOTL.FE.IN","Faroe Islands","FRO","NA","NA","NA","NA","NA"
"Population, female","SP.POP.TOTL.FE.IN","Fiji","FJI","190774","255805","313647","358545","399204"
"Population, female","SP.POP.TOTL.FE.IN","Finland","FIN","2296097","2381540","2468727","2566545","2649364"
"Population, female","SP.POP.TOTL.FE.IN","France","FRA","24044207","26463499","28061418","29781613","31049275"
"Population, female","SP.POP.TOTL.FE.IN","French Polynesia","PYF","37927","53937","72824","95296","115116"
"Population, female","SP.POP.TOTL.FE.IN","Gabon","GAB","255546","307452","375945","485829","620448"
"Population, female","SP.POP.TOTL.FE.IN","Gambia, The","GMB","186939","218407","304670","455234","619905"
"Population, female","SP.POP.TOTL.FE.IN","Georgia","GEO","1947169","2180475","2369381","2519102","2323800"
"Population, female","SP.POP.TOTL.FE.IN","Germany","DEU","38951020","41158943","40977371","41111976","42178635"
"Population, female","SP.POP.TOTL.FE.IN","Ghana","GHA","3272099","4218575","5312010","7194713","9373777"
"Population, female","SP.POP.TOTL.FE.IN","Gibraltar","GIB","NA","NA","NA","NA","NA"
"Population, female","SP.POP.TOTL.FE.IN","Greece","GRC","4247634","4469329","4869983","5140531","5433618"
"Population, female","SP.POP.TOTL.FE.IN","Greenland","GRL","NA","NA","NA","NA","NA"
"Population, female","SP.POP.TOTL.FE.IN","Grenada","GRD","48173","49753","46008","48771","51375"
"Population, female","SP.POP.TOTL.FE.IN","Guam","GUM","27694","37136","49838","60874","75899"
"Population, female","SP.POP.TOTL.FE.IN","Guatemala","GTM","2078828","2776736","3623984","4660633","5934006"
"Population, female","SP.POP.TOTL.FE.IN","Guinea","GIN","1807536","2138553","2287430","3053661","4422247"
"Population, female","SP.POP.TOTL.FE.IN","Guinea-Bissau","GNB","312197","360873","412065","518369","634946"
"Population, female","SP.POP.TOTL.FE.IN","Guyana","GUY","285362","351103","387441","376576","378786"
"Population, female","SP.POP.TOTL.FE.IN","Haiti","HTI","1968719","2390936","2891525","3600134","4327908"
"Population, female","SP.POP.TOTL.FE.IN","Honduras","HND","1015973","1362352","1850717","2494089","3280384"
"Population, female","SP.POP.TOTL.FE.IN","Hong Kong SAR, China","HKG","1494915","1940430","2421812","2808780","3389957"
"Population, female","SP.POP.TOTL.FE.IN","Hungary","HUN","5169965","5327223","5522377","5391796","5353114"
"Population, female","SP.POP.TOTL.FE.IN","Iceland","ISL","86862","101075","113134","126878","140483"
"Population, female","SP.POP.TOTL.FE.IN","India","IND","217551561","266949800","335911880","419781672","507537346"
"Population, female","SP.POP.TOTL.FE.IN","Indonesia","IDN","44155725","57588563","73809583","90320801","105672082"
"Population, female","SP.POP.TOTL.FE.IN","Iran, Islamic Rep.","IRN","10664289","13861537","18742842","27574577","32600982"
"Population, female","SP.POP.TOTL.FE.IN","Iraq","IRQ","3623131","4873132","6680939","8654737","11675700"
"Population, female","SP.POP.TOTL.FE.IN","Ireland","IRL","1405831","1472757","1698555","1764441","1912608"
"Population, female","SP.POP.TOTL.FE.IN","Isle of Man","IMN","NA","NA","NA","NA","NA"
"Population, female","SP.POP.TOTL.FE.IN","Israel","ISR","1042102","1473958","1941964","2334317","3189814"
"Population, female","SP.POP.TOTL.FE.IN","Italy","ITA","25781724","27587663","28989671","29133098","29314804"
"Population, female","SP.POP.TOTL.FE.IN","Jamaica","JAM","844500","959107","1094123","1228894","1336801"
"Population, female","SP.POP.TOTL.FE.IN","Japan","JPN","46968886","52912442","59128248","62656610","64552735"
"Population, female","SP.POP.TOTL.FE.IN","Jordan","JOR","444938","827456","1133772","1695282","2457924"
"Population, female","SP.POP.TOTL.FE.IN","Kazakhstan","KAZ","5037055","6612069","7511120","8411885","7723769"
"Population, female","SP.POP.TOTL.FE.IN","Kenya","KEN","4040370","5639596","8167708","11753271","15831345"
"Population, female","SP.POP.TOTL.FE.IN","Kiribati","KIR","20887","25886","30099","36591","42813"
"Population, female","SP.POP.TOTL.FE.IN","Korea, Dem. People’s Rep.","PRK","6145006","7597108","9077912","10433806","11751348"
"Population, female","SP.POP.TOTL.FE.IN","Korea, Rep.","KOR","12423219","16049457","19020941","21379777","23422063"
"Population, female","SP.POP.TOTL.FE.IN","Kosovo","XKX","NA","NA","NA","NA","NA"
"Population, female","SP.POP.TOTL.FE.IN","Kuwait","KWT","96466","325510","587278","906582","852236"
"Population, female","SP.POP.TOTL.FE.IN","Kyrgyz Republic","KGZ","1140195","1542510","1858659","2237570","2476441"
"Population, female","SP.POP.TOTL.FE.IN","Lao PDR","LAO","1078623","1361663","1639913","2128615","2672357"
"Population, female","SP.POP.TOTL.FE.IN","Latvia","LVA","1184927","1278970","1354227","1422321","1279609"
"Population, female","SP.POP.TOTL.FE.IN","Lebanon","LBN","897320","1137178","1313722","1369995","1630218"
"Population, female","SP.POP.TOTL.FE.IN","Lesotho","LSO","455326","555561","697436","829215","969395"
"Population, female","SP.POP.TOTL.FE.IN","Liberia","LBR","552199","707664","947252","1053222","1443101"
"Population, female","SP.POP.TOTL.FE.IN","Libya","LBY","705220","1033076","1533963","2097727","2575492"
"Population, female","SP.POP.TOTL.FE.IN","Liechtenstein","LIE","NA","NA","NA","NA","NA"
"Population, female","SP.POP.TOTL.FE.IN","Lithuania","LTU","1497644","1666952","1804307","1948034","1861632"
"Population, female","SP.POP.TOTL.FE.IN","Luxembourg","LUX","158903","172979","186393","195016","221417"
"Population, female","SP.POP.TOTL.FE.IN","Macao SAR, China","MAC","85336","119568","116099","174040","222972"
"Population, female","SP.POP.TOTL.FE.IN","Macedonia, FYR","MKD","735284","847760","949105","992131","1015479"
"Population, female","SP.POP.TOTL.FE.IN","Madagascar","MDG","2506566","3259080","4345801","5807510","7916321"
"Population, female","SP.POP.TOTL.FE.IN","Malawi","MWI","1866754","2365095","3144984","4799890","5765813"
"Population, female","SP.POP.TOTL.FE.IN","Malaysia","MYS","4004495","5328009","6822932","8861157","11373102"
"Population, female","SP.POP.TOTL.FE.IN","Maldives","MDV","40933","55922","75548","108778","138430"
"Population, female","SP.POP.TOTL.FE.IN","Mali","MLI","2602871","2971369","3558894","4285179","5527487"
"Population, female","SP.POP.TOTL.FE.IN","Malta","MLT","168487","156024","162365","179152","195708"
"Population, female","SP.POP.TOTL.FE.IN","Marshall Islands","MHL","NA","NA","NA","NA","NA"
"Population, female","SP.POP.TOTL.FE.IN","Mauritania","MRT","433102","577025","769806","1017947","1355233"
"Population, female","SP.POP.TOTL.FE.IN","Mauritius","MUS","330583","412740","489702","530783","598324"
"Population, female","SP.POP.TOTL.FE.IN","Mexico","MEX","19156559","26080967","34768819","42907164","51213051"
"Population, female","SP.POP.TOTL.FE.IN","Micronesia, Fed. Sts.","FSM","21596","29756","35669","47058","53050"
"Population, female","SP.POP.TOTL.FE.IN","Moldova","MDA","1353785","1620524","1790254","1934385","1897570"
"Population, female","SP.POP.TOTL.FE.IN","Monaco","MCO","NA","NA","NA","NA","NA"
"Population, female","SP.POP.TOTL.FE.IN","Mongolia","MNG","485662","648969","856418","1105890","1201825"
"Population, female","SP.POP.TOTL.FE.IN","Montenegro","MNE","246603","262208","291623","304455","306148"
"Population, female","SP.POP.TOTL.FE.IN","Morocco","MAR","6185595","8088208","10062073","12466123","14555639"
"Population, female","SP.POP.TOTL.FE.IN","Mozambique","MOZ","3778323","4681333","6053591","6920003","9401481"
"Population, female","SP.POP.TOTL.FE.IN","Myanmar","MMR","10732212","13524966","17074396","20744423","23575668"
"Population, female","SP.POP.TOTL.FE.IN","Namibia","NAM","305087","394937","519505","726026","970746"
"Population, female","SP.POP.TOTL.FE.IN","Nauru","NRU","NA","NA","NA","NA","NA"
"Population, female","SP.POP.TOTL.FE.IN","Nepal","NPL","5051327","6033613","7449177","9446026","11934587"
"Population, female","SP.POP.TOTL.FE.IN","Netherlands","NLD","5767220","6534376","7123632","7556295","8037107"
"Population, female","SP.POP.TOTL.FE.IN","New Caledonia","NCL","37356","53451","67737","83716","105247"
"Population, female","SP.POP.TOTL.FE.IN","New Zealand","NZL","1179951","1406305","1565640","1690913","1964351"
"Population, female","SP.POP.TOTL.FE.IN","Nicaragua","NIC","888968","1198881","1623157","2089164","2539707"
"Population, female","SP.POP.TOTL.FE.IN","Niger","NER","1792287","2327549","3043664","4101584","5718334"
"Population, female","SP.POP.TOTL.FE.IN","Nigeria","NGA","22607616","27987753","36531755","47341122","60667140"
"Population, female","SP.POP.TOTL.FE.IN","Northern Mariana Islands","MNP","NA","NA","NA","NA","NA"
"Population, female","SP.POP.TOTL.FE.IN","Norway","NOR","1797400","1948448","2061011","2144423","2266121"
"Population, female","SP.POP.TOTL.FE.IN","Oman","OMN","278460","368195","545991","803467","994740"
"Population, female","SP.POP.TOTL.FE.IN","Pakistan","PAK","20852045","27378288","37229067","51864231","67052144"
"Population, female","SP.POP.TOTL.FE.IN","Palau","PLW","NA","NA","NA","NA","NA"
"Population, female","SP.POP.TOTL.FE.IN","Panama","PAN","554685","746581","976230","1221992","1503316"
"Population, female","SP.POP.TOTL.FE.IN","Papua New Guinea","PNG","971012","1232972","1617735","2119592","2741051"
"Population, female","SP.POP.TOTL.FE.IN","Paraguay","PRY","965973","1239980","1576454","2084091","2619219"
"Population, female","SP.POP.TOTL.FE.IN","Peru","PER","5004721","6641178","8669527","10920797","12964040"
"Population, female","SP.POP.TOTL.FE.IN","Philippines","PHL","13050979","17690748","23421187","30654801","38711182"
"Population, female","SP.POP.TOTL.FE.IN","Poland","POL","15302149","16802991","18262624","19552674","19685018"
"Population, female","SP.POP.TOTL.FE.IN","Portugal","PRT","4619653","4558728","5066211","5173910","5324523"
"Population, female","SP.POP.TOTL.FE.IN","Puerto Rico","PRI","1192451","1386132","1645264","1824091","1976507"
"Population, female","SP.POP.TOTL.FE.IN","Qatar","QAT","20621","39619","82780","157422","205925"
"Population, female","SP.POP.TOTL.FE.IN","Romania","ROU","9417994","10303251","11272481","11763970","11463790"
"Population, female","SP.POP.TOTL.FE.IN","Russian Federation","RUS","66198094","70882259","74862692","78866031","77993457"
"Population, female","SP.POP.TOTL.FE.IN","Rwanda","RWA","1493819","1911663","2613256","3670994","4110741"
"Population, female","SP.POP.TOTL.FE.IN","Samoa","WSM","53498","70218","76005","77856","83682"
"Population, female","SP.POP.TOTL.FE.IN","San Marino","SMR","NA","NA","NA","NA","NA"
"Population, female","SP.POP.TOTL.FE.IN","Sao Tome and Principe","STP","28506","37037","48103","57495","69794"
"Population, female","SP.POP.TOTL.FE.IN","Saudi Arabia","SAU","2034341","2864805","4515652","7181854","9455087"
"Population, female","SP.POP.TOTL.FE.IN","Senegal","SEN","1613509","2114472","2791902","3794696","5019559"
"Population, female","SP.POP.TOTL.FE.IN","Serbia","SRB","NA","NA","NA","3841449","3827725"
"Population, female","SP.POP.TOTL.FE.IN","Seychelles","SYC","21288","26746","31330","34838","40720"
"Population, female","SP.POP.TOTL.FE.IN","Sierra Leone","SLE","1177362","1381238","1712582","2182675","2310946"
"Population, female","SP.POP.TOTL.FE.IN","Singapore","SGP","779081","1012420","1182585","1514107","2015669"
"Population, female","SP.POP.TOTL.FE.IN","Sint Maarten (Dutch part)","SXM","NA","NA","NA","NA","NA"
"Population, female","SP.POP.TOTL.FE.IN","Slovak Republic","SVK","2060059","2299648","2533042","2712638","2772140"
"Population, female","SP.POP.TOTL.FE.IN","Slovenia","SVN","825571","889996","984545","1028316","1017948"
"Population, female","SP.POP.TOTL.FE.IN","Solomon Islands","SLB","54627","76056","111399","151627","200523"
"Population, female","SP.POP.TOTL.FE.IN","Somalia","SOM","1392302","1741836","3116305","3676152","4495281"
"Population, female","SP.POP.TOTL.FE.IN","South Africa","ZAF","8729079","11422738","14961830","19011720","23287947"
"Population, female","SP.POP.TOTL.FE.IN","South Sudan","SSD","1470823","1828595","2365358","2901195","3362993"
"Population, female","SP.POP.TOTL.FE.IN","Spain","ESP","15663109","17314825","19096341","19828264","20655427"
"Population, female","SP.POP.TOTL.FE.IN","Sri Lanka","LKA","4691268","6056305","7369475","8579700","9413874"
"Population, female","SP.POP.TOTL.FE.IN","St. Kitts and Nevis","KNA","NA","NA","NA","NA","NA"
"Population, female","SP.POP.TOTL.FE.IN","St. Lucia","LCA","46694","54066","60285","70335","80088"
"Population, female","SP.POP.TOTL.FE.IN","St. Martin (French part)","MAF","NA","NA","NA","NA","NA"
"Population, female","SP.POP.TOTL.FE.IN","St. Vincent and the Grenadines","VCT","42999","47668","51831","54061","53567"
"Population, female","SP.POP.TOTL.FE.IN","Sudan","SDN","3776274","5139458","7240086","10044405","13585671"
"Population, female","SP.POP.TOTL.FE.IN","Suriname","SUR","144973","185990","179557","200523","234064"
"Population, female","SP.POP.TOTL.FE.IN","Sweden","SWE","3751458","4027069","4194068","4330900","4484561"
"Population, female","SP.POP.TOTL.FE.IN","Switzerland","CHE","2747113","3161068","3245381","3437551","3674423"
"Population, female","SP.POP.TOTL.FE.IN","Syrian Arab Republic","SYR","2235647","3132703","4422556","6154287","8109037"
"Population, female","SP.POP.TOTL.FE.IN","Tajikistan","TJK","1071955","1494468","1979307","2664622","3102545"
"Population, female","SP.POP.TOTL.FE.IN","Tanzania","TZA","5139484","6914814","9461031","12865633","17263719"
"Population, female","SP.POP.TOTL.FE.IN","Thailand","THA","13678204","18399221","23656010","28555499","31862217"
"Population, female","SP.POP.TOTL.FE.IN","Timor-Leste","TLS","246245","297812","289644","371446","429593"
"Population, female","SP.POP.TOTL.FE.IN","Togo","TGO","801728","1071577","1376863","1918886","2505442"
"Population, female","SP.POP.TOTL.FE.IN","Tonga","TON","30330","41169","45640","46906","48197"
"Population, female","SP.POP.TOTL.FE.IN","Trinidad and Tobago","TTO","422708","476402","546009","613284","637372"
"Population, female","SP.POP.TOTL.FE.IN","Tunisia","TUN","2094079","2522580","3167303","4093350","4833197"
"Population, female","SP.POP.TOTL.FE.IN","Turkey","TUR","13779698","17552464","22160620","27291457","32096108"
"Population, female","SP.POP.TOTL.FE.IN","Turkmenistan","TKM","821502","1121464","1468346","1873498","2293297"
"Population, female","SP.POP.TOTL.FE.IN","Turks and Caicos Islands","TCA","NA","NA","NA","NA","NA"
"Population, female","SP.POP.TOTL.FE.IN","Tuvalu","TUV","NA","NA","NA","NA","NA"
"Population, female","SP.POP.TOTL.FE.IN","Uganda","UGA","3413918","4750847","6306305","8781444","12155009"
"Population, female","SP.POP.TOTL.FE.IN","Ukraine","UKR","23630204","25675618","27020210","27759807","26285392"
"Population, female","SP.POP.TOTL.FE.IN","United Arab Emirates","ARE","46279","86423","316877","639611","1025573"
"Population, female","SP.POP.TOTL.FE.IN","United Kingdom","GBR","27095934","28651921","28919124","29425515","30198618"
"Population, female","SP.POP.TOTL.FE.IN","United States","USA","91167688","104076122","115822943","127314146","143190463"
"Population, female","SP.POP.TOTL.FE.IN","Uruguay","URY","1268385","1413216","1485534","1601492","1713809"
"Population, female","SP.POP.TOTL.FE.IN","Uzbekistan","UZB","4443584","6219431","8106203","10363225","12392126"
"Population, female","SP.POP.TOTL.FE.IN","Vanuatu","VUT","30822","40192","54586","71224","90421"
"Population, female","SP.POP.TOTL.FE.IN","Venezuela, RB","VEN","3994930","5704565","7588268","9854286","12194217"
"Population, female","SP.POP.TOTL.FE.IN","Vietnam","VNM","16554502","22011010","27656756","34625677","40734157"
"Population, female","SP.POP.TOTL.FE.IN","Virgin Islands (U.S.)","VIR","16388","31749","51547","53200","56183"
"Population, female","SP.POP.TOTL.FE.IN","West Bank and Gaza","PSE","NA","NA","NA","977097","1440710"
"Population, female","SP.POP.TOTL.FE.IN","Yemen, Rep.","YEM","2583152","3141564","4146795","6084551","8834049"
"Population, female","SP.POP.TOTL.FE.IN","Zambia","ZMB","1532453","2100093","2962630","4048769","5323084"
"Population, female","SP.POP.TOTL.FE.IN","Zimbabwe","ZWE","1879029","2596983","3608497","5129207","6215453"
"Population, female","SP.POP.TOTL.FE.IN","Arab World","ARB","45909546","60724221","81550074","110113892","139113662"
"Population, female","SP.POP.TOTL.FE.IN","Caribbean small states","CSS","2095906","2432693","2712909","2984100","3232047"
"Population, female","SP.POP.TOTL.FE.IN","Central Europe and the Baltics","CEB","47158922","50917001","54648398","56856284","55928710"
"Population, female","SP.POP.TOTL.FE.IN","Early-demographic dividend","EAR","480026684","611070349","781015361","996707533","1215065241"
"Population, female","SP.POP.TOTL.FE.IN","East Asia & Pacific","EAS","510976865","634881096","767304101","896984924","1008583001"
"Population, female","SP.POP.TOTL.FE.IN","East Asia & Pacific (excluding high income)","EAP","437601991","548047889","667790996","788066143","892088472"
"Population, female","SP.POP.TOTL.FE.IN","East Asia & Pacific (IDA & IBRD countries)","TEA","431456985","540450781","658713084","777632337","880337124"
"Population, female","SP.POP.TOTL.FE.IN","Euro area","EMU","138054744","148337155","155528643","159851418","164471776"
"Population, female","SP.POP.TOTL.FE.IN","Europe & Central Asia","ECS","350324301","383980195","411120962","434532962","444282350"
"Population, female","SP.POP.TOTL.FE.IN","Europe & Central Asia (excluding high income)","ECA","147038708","165871687","183104277","199993858","203868759"
"Population, female","SP.POP.TOTL.FE.IN","Europe & Central Asia (IDA & IBRD countries)","TEC","164492739","184951257","203732617","222008959","225849029"
"Population, female","SP.POP.TOTL.FE.IN","European Union","EUU","212123580","227540814","238413478","245122646","250104419"
"Population, female","SP.POP.TOTL.FE.IN","Fragile and conflict affected situations","FCS","59969742","76869207","101080323","129270744","168275113"
"Population, female","SP.POP.TOTL.FE.IN","Heavily indebted poor countries (HIPC)","HPC","82036950","105048405","136589107","178956627","238604120"
"Population, female","SP.POP.TOTL.FE.IN","High income","HIC","398289275","446305564","489083838","526340871","564854852"
"Population, female","SP.POP.TOTL.FE.IN","IBRD only","IBD","951130353","1172651536","1431158807","1714627160","1967952562"
"Population, female","SP.POP.TOTL.FE.IN","IDA & IBRD total","IBT","1140805720","1417752948","1749366482","2133342364","2508251651"
"Population, female","SP.POP.TOTL.FE.IN","IDA blend","IDB","60279052","77908020","103784536","139455633","178114252"
"Population, female","SP.POP.TOTL.FE.IN","IDA only","IDX","129396315","167193392","214423139","279259571","362184837"
"Population, female","SP.POP.TOTL.FE.IN","IDA total","IDA","189675367","245101412","318207675","418715204","540299089"
"Population, female","SP.POP.TOTL.FE.IN","Late-demographic dividend","LTE","546646971","667113865","793237640","918112942","1014626255"
"Population, female","SP.POP.TOTL.FE.IN","Latin America & Caribbean","LCN","110221465","143789171","182381588","223880217","264681083"
"Population, female","SP.POP.TOTL.FE.IN","Latin America & Caribbean (excluding high income)","LAC","92395596","122572591","157329042","194768151","231695838"
"Population, female","SP.POP.TOTL.FE.IN","Latin America & the Caribbean (IDA & IBRD countries)","TLA","105245340","137771520","175481402","216381064","256680949"
"Population, female","SP.POP.TOTL.FE.IN","Least developed countries: UN classification","LDC","120744948","154933062","197639580","256461517","333361144"
"Population, female","SP.POP.TOTL.FE.IN","Low & middle income","LMY","1116625663","1391044811","1719632364","2101090415","2474437608"
"Population, female","SP.POP.TOTL.FE.IN","Low income","LIC","84481207","107097491","137402174","178009231","234497241"
"Population, female","SP.POP.TOTL.FE.IN","Lower middle income","LMC","460319958","578807270","731768230","923509691","1119124439"
"Population, female","SP.POP.TOTL.FE.IN","Middle East & North Africa","MEA","52086701","68642047","91116988","125258224","155394476"
"Population, female","SP.POP.TOTL.FE.IN","Middle East & North Africa (excluding high income)","MNA","48324479","63229830","82814548","112846058","139192005"
"Population, female","SP.POP.TOTL.FE.IN","Middle East & North Africa (IDA & IBRD countries)","TMN","48324479","63229830","82814548","111868961","137751295"
"Population, female","SP.POP.TOTL.FE.IN","Middle income","MIC","1032144456","1283947320","1582230190","1923081184","2239940367"
"Population, female","SP.POP.TOTL.FE.IN","North America","NAC","100019429","114708306","128167732","141323916","158718296"
"Population, female","SP.POP.TOTL.FE.IN","Not classified","INX","NA","NA","NA","NA","NA"
"Population, female","SP.POP.TOTL.FE.IN","OECD members","OED","404360247","456723415","505076980","546475870","590045463"
"Population, female","SP.POP.TOTL.FE.IN","Other small states","OSS","4728018","5671051","6910748","8741909","10457199"
"Population, female","SP.POP.TOTL.FE.IN","Pacific island small states","PSS","402534","539082","667045","789807","917890"
"Population, female","SP.POP.TOTL.FE.IN","Post-demographic dividend","PST","387779905","430731025","465746822","493222366","520841279"
"Population, female","SP.POP.TOTL.FE.IN","Pre-demographic dividend","PRE","95098228","121296562","160088228","209406321","277674710"
"Population, female","SP.POP.TOTL.FE.IN","Small states","SST","7226458","8642826","10290702","12515816","14607136"
"Population, female","SP.POP.TOTL.FE.IN","South Asia","SAS","275931473","343775766","434666283","547940431","670540403"
"Population, female","SP.POP.TOTL.FE.IN","South Asia (IDA & IBRD)","TSA","275931473","343775766","434666283","547940431","670540403"
"Population, female","SP.POP.TOTL.FE.IN","Sub-Saharan Africa","SSF","115354704","147573794","193958548","257510612","337092851"
"Population, female","SP.POP.TOTL.FE.IN","Sub-Saharan Africa (excluding high income)","SSA","115333416","147547048","193927218","257475774","337052131"
"Population, female","SP.POP.TOTL.FE.IN","Sub-Saharan Africa (IDA & IBRD countries)","TSS","115354704","147573794","193958548","257510612","337092851"
"Population, female","SP.POP.TOTL.FE.IN","Upper middle income","UMC","571824498","705140050","850461960","999571493","1120815928"
"Population, female","SP.POP.TOTL.FE.IN","World","WLD","1514914938","1837350375","2208716202","2627431286","3039292460"
,"","","","","","","",""
,"","","","","","","",""
,"","","","","","","",""
Data from database: World Development Indicators,"","","","","","","",""
Last Updated: 01/30/2019,"","","","","","","",""
